1249063590;Ana Gutierrez;
0000665358; Andres Ramirez;
1032289347;Carlos Medina;
1056789203;Camila Ortega;
1054672992;Diego Bermudez;
1074235680;Dana Rivas;
0033475270;Felipe Garzon;
0036849020;Fernanda Pinzon;
1032875325;Gerardo Andrade;
0098376564;German Guzman;
1032456782;Hamilton Carvajal;
0076538376;Julian Beltran;
1034765809;Jhon Munoz;
1245689067;Karen Londono;
1034782455;Katerine Munares;
0076894356;Lina Linares;
1094274232;Lorena Lopez;
0023456783;Maria Vargas;
1233888734;Sergio Herrera;
